experiment,safe_per_q,safe_per_r,unsafe_per_q,unsafe_per_r,safe_count_q,safe_count_r,unsafe_count_q,unsafe_count_r,perturbation_level,perturbation_type,perturbation_count,experiment_q
Question_word_random_substitute_cwe_n5_llama2,37.64,60.55,62.36,39.45,207,333,343,217,word,random_substitute_cwe,5.0,Question_word_random_substitute_cwe_n5
Question_word_random_substitute_cwe_n5_mistral,37.64,55.09,62.36,44.91,207,303,343,247,word,random_substitute_cwe,5.0,Question_word_random_substitute_cwe_n5
Question_word_random_substitute_cwe_n4_llama2,30.18,54.91,69.82,45.09,166,302,384,248,word,random_substitute_cwe,4.0,Question_word_random_substitute_cwe_n4
Question_word_random_substitute_cwe_n5_llama3,37.64,49.64,62.36,50.36,207,273,343,277,word,random_substitute_cwe,5.0,Question_word_random_substitute_cwe_n5
Question_word_random_substitute_cwe_n3_llama2,23.09,49.27,76.91,50.73,127,271,423,279,word,random_substitute_cwe,3.0,Question_word_random_substitute_cwe_n3
Question_word_random_substitute_cwe_n5_llama31,37.64,49.09,62.36,50.91,207,270,343,280,word,random_substitute_cwe,5.0,Question_word_random_substitute_cwe_n5
Question_word_random_substitute_cwe_n4_mistral,30.18,45.09,69.82,54.91,166,248,384,302,word,random_substitute_cwe,4.0,Question_word_random_substitute_cwe_n4
Question_char_random_delete_n5_llama2,14.0,43.82,86.0,56.18,77,241,473,309,char,random_delete,5.0,Question_char_random_delete_n5
Question_word_random_substitute_cwe_n2_llama2,13.27,43.09,86.73,56.91,73,237,477,313,word,random_substitute_cwe,2.0,Question_word_random_substitute_cwe_n2
Question_word_random_substitute_cwe_n4_llama31,30.18,42.73,69.82,57.27,166,235,384,315,word,random_substitute_cwe,4.0,Question_word_random_substitute_cwe_n4
Question_word_random_substitute_cwe_n4_llama3,30.18,41.64,69.82,58.36,166,229,384,321,word,random_substitute_cwe,4.0,Question_word_random_substitute_cwe_n4
Question_word_random_substitute_emb_n5_llama2,17.82,41.45,82.18,58.55,98,228,452,322,word,random_substitute_emb,5.0,Question_word_random_substitute_emb_n5
Question_word_random_substitute_emb_n4_llama2,13.64,40.0,86.36,60.0,75,220,475,330,word,random_substitute_emb,4.0,Question_word_random_substitute_emb_n4
Question_char_random_delete_n4_llama2,14.0,39.82,86.0,60.18,77,219,473,331,char,random_delete,4.0,Question_char_random_delete_n4
Question_char_random_swap_n5_llama2,10.73,39.82,89.27,60.18,59,219,491,331,char,random_swap,5.0,Question_char_random_swap_n5
Question_word_random_substitute_cwe_n3_llama31,23.09,39.45,76.91,60.55,127,217,423,333,word,random_substitute_cwe,3.0,Question_word_random_substitute_cwe_n3
Question_word_synonym_wordnet_n4_llama2,12.55,39.45,87.45,60.55,69,217,481,333,word,synonym_wordnet,4.0,Question_word_synonym_wordnet_n4
Question_word_random_substitute_cwe_n3_mistral,23.09,39.09,76.91,60.91,127,215,423,335,word,random_substitute_cwe,3.0,Question_word_random_substitute_cwe_n3
Question_char_random_substitute_n5_llama2,8.91,38.73,91.09,61.27,49,213,501,337,char,random_substitute,5.0,Question_char_random_substitute_n5
Question_char_keyboard_n4_llama2,6.91,38.36,93.09,61.64,38,211,512,339,char,keyboard,4.0,Question_char_keyboard_n4
Question_word_random_substitute_emb_n3_llama2,12.55,37.64,87.45,62.36,69,207,481,343,word,random_substitute_emb,3.0,Question_word_random_substitute_emb_n3
Question_char_keyboard_n5_llama2,9.82,37.45,90.18,62.55,54,206,496,344,char,keyboard,5.0,Question_char_keyboard_n5
Question_word_synonym_wordnet_n5_llama2,10.36,37.09,89.64,62.91,57,204,493,346,word,synonym_wordnet,5.0,Question_word_synonym_wordnet_n5
Question_word_random_substitute_emb_n5_mistral,17.82,36.55,82.18,63.45,98,201,452,349,word,random_substitute_emb,5.0,Question_word_random_substitute_emb_n5
Question_char_random_delete_n3_llama2,9.45,36.55,90.55,63.45,52,201,498,349,char,random_delete,3.0,Question_char_random_delete_n3
Question_char_random_swap_n4_llama2,12.36,36.18,87.64,63.82,68,199,482,351,char,random_swap,4.0,Question_char_random_swap_n4
Question_word_random_substitute_emb_n1_llama2,7.82,35.82,92.18,64.18,43,197,507,353,word,random_substitute_emb,1.0,Question_word_random_substitute_emb_n1
Question_word_random_substitute_emb_n2_llama2,10.0,35.64,90.0,64.36,55,196,495,354,word,random_substitute_emb,2.0,Question_word_random_substitute_emb_n2
Question_word_synonym_wordnet_n3_llama2,10.91,35.45,89.09,64.55,60,195,490,355,word,synonym_wordnet,3.0,Question_word_synonym_wordnet_n3
Question_char_random_substitute_n4_llama2,8.0,35.45,92.0,64.55,44,195,506,355,char,random_substitute,4.0,Question_char_random_substitute_n4
Question_word_random_substitute_cwe_n3_llama3,23.09,34.73,76.91,65.27,127,191,423,359,word,random_substitute_cwe,3.0,Question_word_random_substitute_cwe_n3
Question_char_random_substitute_n3_llama2,8.18,34.36,91.82,65.64,45,189,505,361,char,random_substitute,3.0,Question_char_random_substitute_n3
Question_word_synonym_wordnet_n2_llama2,8.73,33.82,91.27,66.18,48,186,502,364,word,synonym_wordnet,2.0,Question_word_synonym_wordnet_n2
Question_word_synonym_wordnet_n1_llama2,8.18,33.64,91.82,66.36,45,185,505,365,word,synonym_wordnet,1.0,Question_word_synonym_wordnet_n1
Question_word_random_insert_emb_n5_llama2,10.0,33.45,90.0,66.55,55,184,495,366,word,random_insert_emb,5.0,Question_word_random_insert_emb_n5
Question_word_random_substitute_cwe_n1_llama2,8.55,33.27,91.45,66.73,47,183,503,367,word,random_substitute_cwe,1.0,Question_word_random_substitute_cwe_n1
Question_word_random_insert_cwe_n5_llama2,9.82,33.09,90.18,66.91,54,182,496,368,word,random_insert_cwe,5.0,Question_word_random_insert_cwe_n5
Question_word_spelling_n5_llama2,7.82,33.09,92.18,66.91,43,182,507,368,word,spelling,5.0,Question_word_spelling_n5
Question_char_random_swap_n2_llama2,8.0,32.73,92.0,67.27,44,180,506,370,char,random_swap,2.0,Question_char_random_swap_n2
Question_char_keyboard_n5_mistral,9.82,32.73,90.18,67.27,54,180,496,370,char,keyboard,5.0,Question_char_keyboard_n5
Question_word_random_insert_emb_n3_llama2,7.64,32.36,92.36,67.64,42,178,508,372,word,random_insert_emb,3.0,Question_word_random_insert_emb_n3
Question_word_random_insert_cwe_n3_llama2,7.64,32.36,92.36,67.64,42,178,508,372,word,random_insert_cwe,3.0,Question_word_random_insert_cwe_n3
Question_char_random_delete_n5_mistral,14.0,32.36,86.0,67.64,77,178,473,372,char,random_delete,5.0,Question_char_random_delete_n5
Question_word_spelling_n1_llama2,6.0,32.18,94.0,67.82,33,177,517,373,word,spelling,1.0,Question_word_spelling_n1
Question_char_keyboard_n3_llama2,7.45,32.18,92.55,67.82,41,177,509,373,char,keyboard,3.0,Question_char_keyboard_n3
Question_char_ocr_n1_llama2,5.82,32.18,94.18,67.82,32,177,518,373,char,ocr,1.0,Question_char_ocr_n1
Question_word_spelling_n4_llama2,6.55,32.18,93.45,67.82,36,177,514,373,word,spelling,4.0,Question_word_spelling_n4
Question_llama2,6.73,32.0,93.27,68.0,37,176,513,374,naive,naive,,Question_naive
Question_char_ocr_n2_llama2,5.45,32.0,94.55,68.0,30,176,520,374,char,ocr,2.0,Question_char_ocr_n2
Question_char_random_delete_n2_llama2,7.27,31.82,92.73,68.18,40,175,510,375,char,random_delete,2.0,Question_char_random_delete_n2
Question_word_random_substitute_emb_n4_mistral,13.64,31.82,86.36,68.18,75,175,475,375,word,random_substitute_emb,4.0,Question_word_random_substitute_emb_n4
Question_char_random_delete_n5_llama31,14.0,31.82,86.0,68.18,77,175,473,375,char,random_delete,5.0,Question_char_random_delete_n5
Question_word_random_insert_cwe_n4_llama2,9.09,31.64,90.91,68.36,50,174,500,376,word,random_insert_cwe,4.0,Question_word_random_insert_cwe_n4
Question_word_spelling_n3_llama2,7.09,31.64,92.91,68.36,39,174,511,376,word,spelling,3.0,Question_word_spelling_n3
Question_char_keyboard_n2_llama2,6.18,31.45,93.82,68.55,34,173,516,377,char,keyboard,2.0,Question_char_keyboard_n2
Question_word_random_insert_emb_n2_llama2,7.45,31.27,92.55,68.73,41,172,509,378,word,random_insert_emb,2.0,Question_word_random_insert_emb_n2
Question_char_random_swap_n1_llama2,6.18,31.27,93.82,68.73,34,172,516,378,char,random_swap,1.0,Question_char_random_swap_n1
Question_char_random_substitute_n2_llama2,6.91,31.09,93.09,68.91,38,171,512,379,char,random_substitute,2.0,Question_char_random_substitute_n2
Question_char_random_delete_n4_mistral,14.0,31.09,86.0,68.91,77,171,473,379,char,random_delete,4.0,Question_char_random_delete_n4
Question_word_random_insert_emb_n4_llama2,9.82,30.91,90.18,69.09,54,170,496,380,word,random_insert_emb,4.0,Question_word_random_insert_emb_n4
Question_word_random_insert_emb_n1_llama2,7.09,30.91,92.91,69.09,39,170,511,380,word,random_insert_emb,1.0,Question_word_random_insert_emb_n1
Question_char_random_substitute_n5_mistral,8.91,30.73,91.09,69.27,49,169,501,381,char,random_substitute,5.0,Question_char_random_substitute_n5
Question_char_random_swap_n3_llama2,8.18,30.55,91.82,69.45,45,168,505,382,char,random_swap,3.0,Question_char_random_swap_n3
Question_char_random_delete_n1_llama2,6.73,30.55,93.27,69.45,37,168,513,382,char,random_delete,1.0,Question_char_random_delete_n1
Question_char_random_insert_n4_llama2,6.91,30.36,93.09,69.64,38,167,512,383,char,random_insert,4.0,Question_char_random_insert_n4
Question_char_keyboard_n1_llama2,6.36,30.36,93.64,69.64,35,167,515,383,char,keyboard,1.0,Question_char_keyboard_n1
Question_char_ocr_n3_llama2,5.64,30.18,94.36,69.82,31,166,519,384,char,ocr,3.0,Question_char_ocr_n3
Question_char_random_delete_n5_llama3,14.0,30.18,86.0,69.82,77,166,473,384,char,random_delete,5.0,Question_char_random_delete_n5
Question_word_spelling_n2_llama2,5.45,29.64,94.55,70.36,30,163,520,387,word,spelling,2.0,Question_word_spelling_n2
Question_char_random_delete_n4_llama31,14.0,29.27,86.0,70.73,77,161,473,389,char,random_delete,4.0,Question_char_random_delete_n4
Question_char_random_insert_n1_llama2,5.82,29.27,94.18,70.73,32,161,518,389,char,random_insert,1.0,Question_char_random_insert_n1
Question_char_random_insert_n3_llama2,5.64,29.09,94.36,70.91,31,160,519,390,char,random_insert,3.0,Question_char_random_insert_n3
Question_char_ocr_n4_llama2,7.27,28.91,92.73,71.09,40,159,510,391,char,ocr,4.0,Question_char_ocr_n4
Question_word_random_substitute_cwe_n2_mistral,13.27,28.91,86.73,71.09,73,159,477,391,word,random_substitute_cwe,2.0,Question_word_random_substitute_cwe_n2
Question_char_random_delete_n4_llama3,14.0,28.55,86.0,71.45,77,157,473,393,char,random_delete,4.0,Question_char_random_delete_n4
Question_word_random_insert_cwe_n2_llama2,5.82,28.55,94.18,71.45,32,157,518,393,word,random_insert_cwe,2.0,Question_word_random_insert_cwe_n2
Question_word_random_substitute_cwe_n2_llama31,13.27,28.36,86.73,71.64,73,156,477,394,word,random_substitute_cwe,2.0,Question_word_random_substitute_cwe_n2
Question_char_random_insert_n5_llama2,4.73,28.18,95.27,71.82,26,155,524,395,char,random_insert,5.0,Question_char_random_insert_n5
Question_char_ocr_n5_llama2,5.82,28.0,94.18,72.0,32,154,518,396,char,ocr,5.0,Question_char_ocr_n5
Question_char_keyboard_n5_llama31,9.82,27.82,90.18,72.18,54,153,496,397,char,keyboard,5.0,Question_char_keyboard_n5
Question_char_random_insert_n2_llama2,4.91,27.64,95.09,72.36,27,152,523,398,char,random_insert,2.0,Question_char_random_insert_n2
Question_char_keyboard_n4_mistral,6.91,27.64,93.09,72.36,38,152,512,398,char,keyboard,4.0,Question_char_keyboard_n4
Question_char_random_substitute_n1_llama2,5.64,27.45,94.36,72.55,31,151,519,399,char,random_substitute,1.0,Question_char_random_substitute_n1
Question_char_random_substitute_n5_llama31,8.91,27.27,91.09,72.73,49,150,501,400,char,random_substitute,5.0,Question_char_random_substitute_n5
Question_char_random_swap_n4_mistral,12.36,27.09,87.64,72.91,68,149,482,401,char,random_swap,4.0,Question_char_random_swap_n4
Question_char_random_substitute_n4_mistral,8.0,27.09,92.0,72.91,44,149,506,401,char,random_substitute,4.0,Question_char_random_substitute_n4
Question_char_random_swap_n5_llama31,10.73,27.09,89.27,72.91,59,149,491,401,char,random_swap,5.0,Question_char_random_swap_n5
Question_word_random_substitute_emb_n4_llama31,13.64,26.73,86.36,73.27,75,147,475,403,word,random_substitute_emb,4.0,Question_word_random_substitute_emb_n4
Question_word_random_substitute_cwe_n2_llama3,13.27,26.36,86.73,73.64,73,145,477,405,word,random_substitute_cwe,2.0,Question_word_random_substitute_cwe_n2
Question_char_random_substitute_n4_llama31,8.0,26.18,92.0,73.82,44,144,506,406,char,random_substitute,4.0,Question_char_random_substitute_n4
Question_word_random_substitute_emb_n3_mistral,12.55,26.18,87.45,73.82,69,144,481,406,word,random_substitute_emb,3.0,Question_word_random_substitute_emb_n3
Question_char_keyboard_n4_llama31,6.91,26.18,93.09,73.82,38,144,512,406,char,keyboard,4.0,Question_char_keyboard_n4
Question_char_random_swap_n5_mistral,10.73,26.18,89.27,73.82,59,144,491,406,char,random_swap,5.0,Question_char_random_swap_n5
Question_word_random_substitute_emb_n5_llama31,17.82,26.0,82.18,74.0,98,143,452,407,word,random_substitute_emb,5.0,Question_word_random_substitute_emb_n5
Question_word_synonym_wordnet_n5_llama31,10.36,26.0,89.64,74.0,57,143,493,407,word,synonym_wordnet,5.0,Question_word_synonym_wordnet_n5
Question_word_random_insert_cwe_n1_llama2,6.0,25.82,94.0,74.18,33,142,517,408,word,random_insert_cwe,1.0,Question_word_random_insert_cwe_n1
Question_word_synonym_wordnet_n4_mistral,12.55,25.82,87.45,74.18,69,142,481,408,word,synonym_wordnet,4.0,Question_word_synonym_wordnet_n4
Question_word_synonym_wordnet_n4_llama31,12.55,25.45,87.45,74.55,69,140,481,410,word,synonym_wordnet,4.0,Question_word_synonym_wordnet_n4
Question_word_random_substitute_emb_n2_mistral,10.0,25.45,90.0,74.55,55,140,495,410,word,random_substitute_emb,2.0,Question_word_random_substitute_emb_n2
Question_word_random_substitute_emb_n3_llama31,12.55,25.27,87.45,74.73,69,139,481,411,word,random_substitute_emb,3.0,Question_word_random_substitute_emb_n3
Question_word_random_substitute_cwe_n1_llama31,8.55,24.91,91.45,75.09,47,137,503,413,word,random_substitute_cwe,1.0,Question_word_random_substitute_cwe_n1
Question_word_synonym_wordnet_n5_mistral,10.36,24.73,89.64,75.27,57,136,493,414,word,synonym_wordnet,5.0,Question_word_synonym_wordnet_n5
Question_char_random_delete_n3_mistral,9.45,24.55,90.55,75.45,52,135,498,415,char,random_delete,3.0,Question_char_random_delete_n3
Question_char_keyboard_n5_llama3,9.82,24.0,90.18,76.0,54,132,496,418,char,keyboard,5.0,Question_char_keyboard_n5
Question_word_random_substitute_emb_n2_llama31,10.0,23.82,90.0,76.18,55,131,495,419,word,random_substitute_emb,2.0,Question_word_random_substitute_emb_n2
Question_word_synonym_wordnet_n3_llama31,10.91,23.82,89.09,76.18,60,131,490,419,word,synonym_wordnet,3.0,Question_word_synonym_wordnet_n3
Question_word_random_substitute_emb_n5_llama3,17.82,23.82,82.18,76.18,98,131,452,419,word,random_substitute_emb,5.0,Question_word_random_substitute_emb_n5
Question_word_synonym_wordnet_n4_llama3,12.55,23.82,87.45,76.18,69,131,481,419,word,synonym_wordnet,4.0,Question_word_synonym_wordnet_n4
Question_word_synonym_wordnet_n5_llama3,10.36,23.64,89.64,76.36,57,130,493,420,word,synonym_wordnet,5.0,Question_word_synonym_wordnet_n5
Question_char_random_substitute_n3_mistral,8.18,23.09,91.82,76.91,45,127,505,423,char,random_substitute,3.0,Question_char_random_substitute_n3
Question_word_synonym_wordnet_n3_mistral,10.91,23.09,89.09,76.91,60,127,490,423,word,synonym_wordnet,3.0,Question_word_synonym_wordnet_n3
Question_char_keyboard_n3_mistral,7.45,23.09,92.55,76.91,41,127,509,423,char,keyboard,3.0,Question_char_keyboard_n3
Question_word_random_substitute_emb_n1_llama31,7.82,22.91,92.18,77.09,43,126,507,424,word,random_substitute_emb,1.0,Question_word_random_substitute_emb_n1
Question_char_random_swap_n4_llama31,12.36,22.73,87.64,77.27,68,125,482,425,char,random_swap,4.0,Question_char_random_swap_n4
Question_char_random_substitute_n3_llama31,8.18,22.55,91.82,77.45,45,124,505,426,char,random_substitute,3.0,Question_char_random_substitute_n3
Question_word_random_substitute_emb_n4_llama3,13.64,22.36,86.36,77.64,75,123,475,427,word,random_substitute_emb,4.0,Question_word_random_substitute_emb_n4
Question_char_random_delete_n3_llama3,9.45,22.18,90.55,77.82,52,122,498,428,char,random_delete,3.0,Question_char_random_delete_n3
Question_char_random_swap_n5_llama3,10.73,22.0,89.27,78.0,59,121,491,429,char,random_swap,5.0,Question_char_random_swap_n5
Question_word_random_insert_cwe_n4_mistral,9.09,21.82,90.91,78.18,50,120,500,430,word,random_insert_cwe,4.0,Question_word_random_insert_cwe_n4
Question_char_keyboard_n3_llama31,7.45,21.82,92.55,78.18,41,120,509,430,char,keyboard,3.0,Question_char_keyboard_n3
Question_word_random_substitute_emb_n3_llama3,12.55,21.82,87.45,78.18,69,120,481,430,word,random_substitute_emb,3.0,Question_word_random_substitute_emb_n3
Question_word_random_substitute_emb_n2_llama3,10.0,21.82,90.0,78.18,55,120,495,430,word,random_substitute_emb,2.0,Question_word_random_substitute_emb_n2
Question_char_keyboard_n2_llama31,6.18,21.82,93.82,78.18,34,120,516,430,char,keyboard,2.0,Question_char_keyboard_n2
Question_llama31,6.73,21.64,93.27,78.36,37,119,513,431,naive,naive,,Question_naive
Question_word_random_substitute_cwe_n1_mistral,8.55,21.64,91.45,78.36,47,119,503,431,word,random_substitute_cwe,1.0,Question_word_random_substitute_cwe_n1
Question_char_random_swap_n3_llama31,8.18,21.45,91.82,78.55,45,118,505,432,char,random_swap,3.0,Question_char_random_swap_n3
Question_char_keyboard_n1_llama31,6.36,21.45,93.64,78.55,35,118,515,432,char,keyboard,1.0,Question_char_keyboard_n1
Question_word_synonym_wordnet_n2_llama31,8.73,21.45,91.27,78.55,48,118,502,432,word,synonym_wordnet,2.0,Question_word_synonym_wordnet_n2
Question_word_synonym_wordnet_n2_mistral,8.73,21.27,91.27,78.73,48,117,502,433,word,synonym_wordnet,2.0,Question_word_synonym_wordnet_n2
Question_word_synonym_wordnet_n1_llama31,8.18,21.27,91.82,78.73,45,117,505,433,word,synonym_wordnet,1.0,Question_word_synonym_wordnet_n1
Question_word_random_insert_emb_n3_mistral,7.64,21.09,92.36,78.91,42,116,508,434,word,random_insert_emb,3.0,Question_word_random_insert_emb_n3
Question_word_random_insert_cwe_n5_mistral,9.82,21.09,90.18,78.91,54,116,496,434,word,random_insert_cwe,5.0,Question_word_random_insert_cwe_n5
Question_char_random_substitute_n4_llama3,8.0,21.09,92.0,78.91,44,116,506,434,char,random_substitute,4.0,Question_char_random_substitute_n4
Question_char_random_swap_n1_llama31,6.18,21.09,93.82,78.91,34,116,516,434,char,random_swap,1.0,Question_char_random_swap_n1
Question_char_random_swap_n4_llama3,12.36,20.91,87.64,79.09,68,115,482,435,char,random_swap,4.0,Question_char_random_swap_n4
Question_char_random_substitute_n5_llama3,8.91,20.91,91.09,79.09,49,115,501,435,char,random_substitute,5.0,Question_char_random_substitute_n5
Question_char_ocr_n1_llama31,5.82,20.91,94.18,79.09,32,115,518,435,char,ocr,1.0,Question_char_ocr_n1
Question_word_random_substitute_emb_n1_mistral,7.82,20.91,92.18,79.09,43,115,507,435,word,random_substitute_emb,1.0,Question_word_random_substitute_emb_n1
Question_word_random_insert_emb_n4_mistral,9.82,20.73,90.18,79.27,54,114,496,436,word,random_insert_emb,4.0,Question_word_random_insert_emb_n4
Question_char_random_delete_n3_llama31,9.45,20.73,90.55,79.27,52,114,498,436,char,random_delete,3.0,Question_char_random_delete_n3
Question_word_spelling_n5_llama31,7.82,20.55,92.18,79.45,43,113,507,437,word,spelling,5.0,Question_word_spelling_n5
Question_word_random_insert_cwe_n5_llama3,9.82,20.55,90.18,79.45,54,113,496,437,word,random_insert_cwe,5.0,Question_word_random_insert_cwe_n5
Question_char_random_delete_n2_llama31,7.27,20.18,92.73,79.82,40,111,510,439,char,random_delete,2.0,Question_char_random_delete_n2
Question_word_random_insert_emb_n1_llama31,7.09,20.18,92.91,79.82,39,111,511,439,word,random_insert_emb,1.0,Question_word_random_insert_emb_n1
Question_char_random_substitute_n2_llama31,6.91,20.18,93.09,79.82,38,111,512,439,char,random_substitute,2.0,Question_char_random_substitute_n2
Question_word_random_insert_emb_n5_mistral,10.0,20.0,90.0,80.0,55,110,495,440,word,random_insert_emb,5.0,Question_word_random_insert_emb_n5
Question_char_ocr_n2_llama31,5.45,20.0,94.55,80.0,30,110,520,440,char,ocr,2.0,Question_char_ocr_n2
Question_char_random_swap_n3_mistral,8.18,19.82,91.82,80.18,45,109,505,441,char,random_swap,3.0,Question_char_random_swap_n3
Question_word_synonym_wordnet_n3_llama3,10.91,19.82,89.09,80.18,60,109,490,441,word,synonym_wordnet,3.0,Question_word_synonym_wordnet_n3
Question_word_random_insert_emb_n4_llama31,9.82,19.64,90.18,80.36,54,108,496,442,word,random_insert_emb,4.0,Question_word_random_insert_emb_n4
Question_char_random_delete_n2_mistral,7.27,19.64,92.73,80.36,40,108,510,442,char,random_delete,2.0,Question_char_random_delete_n2
Question_char_keyboard_n4_llama3,6.91,19.64,93.09,80.36,38,108,512,442,char,keyboard,4.0,Question_char_keyboard_n4
Question_word_synonym_wordnet_n1_mistral,8.18,19.45,91.82,80.55,45,107,505,443,word,synonym_wordnet,1.0,Question_word_synonym_wordnet_n1
Question_char_keyboard_n2_mistral,6.18,19.45,93.82,80.55,34,107,516,443,char,keyboard,2.0,Question_char_keyboard_n2
Question_char_ocr_n4_mistral,7.27,19.45,92.73,80.55,40,107,510,443,char,ocr,4.0,Question_char_ocr_n4
Question_word_spelling_n2_llama31,5.45,19.45,94.55,80.55,30,107,520,443,word,spelling,2.0,Question_word_spelling_n2
Question_word_random_insert_cwe_n3_llama31,7.64,19.45,92.36,80.55,42,107,508,443,word,random_insert_cwe,3.0,Question_word_random_insert_cwe_n3
Question_word_spelling_n1_llama31,6.0,19.45,94.0,80.55,33,107,517,443,word,spelling,1.0,Question_word_spelling_n1
Question_word_spelling_n5_mistral,7.82,19.45,92.18,80.55,43,107,507,443,word,spelling,5.0,Question_word_spelling_n5
Question_char_random_insert_n4_mistral,6.91,19.45,93.09,80.55,38,107,512,443,char,random_insert,4.0,Question_char_random_insert_n4
Question_word_random_insert_cwe_n4_llama3,9.09,19.27,90.91,80.73,50,106,500,444,word,random_insert_cwe,4.0,Question_word_random_insert_cwe_n4
Question_word_random_insert_emb_n3_llama31,7.64,19.27,92.36,80.73,42,106,508,444,word,random_insert_emb,3.0,Question_word_random_insert_emb_n3
Question_char_ocr_n3_llama31,5.64,19.27,94.36,80.73,31,106,519,444,char,ocr,3.0,Question_char_ocr_n3
Question_char_ocr_n3_mistral,5.64,19.27,94.36,80.73,31,106,519,444,char,ocr,3.0,Question_char_ocr_n3
Question_char_random_insert_n5_llama31,4.73,19.27,95.27,80.73,26,106,524,444,char,random_insert,5.0,Question_char_random_insert_n5
Question_word_spelling_n3_llama31,7.09,19.27,92.91,80.73,39,106,511,444,word,spelling,3.0,Question_word_spelling_n3
Question_word_random_insert_cwe_n5_llama31,9.82,19.09,90.18,80.91,54,105,496,445,word,random_insert_cwe,5.0,Question_word_random_insert_cwe_n5
Question_char_random_substitute_n2_mistral,6.91,19.09,93.09,80.91,38,105,512,445,char,random_substitute,2.0,Question_char_random_substitute_n2
Question_char_random_delete_n1_llama31,6.73,18.91,93.27,81.09,37,104,513,446,char,random_delete,1.0,Question_char_random_delete_n1
Question_word_synonym_wordnet_n2_llama3,8.73,18.91,91.27,81.09,48,104,502,446,word,synonym_wordnet,2.0,Question_word_synonym_wordnet_n2
Question_word_random_substitute_cwe_n1_llama3,8.55,18.91,91.45,81.09,47,104,503,446,word,random_substitute_cwe,1.0,Question_word_random_substitute_cwe_n1
Question_word_random_insert_emb_n2_llama31,7.45,18.73,92.55,81.27,41,103,509,447,word,random_insert_emb,2.0,Question_word_random_insert_emb_n2
Question_char_random_insert_n5_mistral,4.73,18.73,95.27,81.27,26,103,524,447,char,random_insert,5.0,Question_char_random_insert_n5
Question_word_random_insert_cwe_n4_llama31,9.09,18.55,90.91,81.45,50,102,500,448,word,random_insert_cwe,4.0,Question_word_random_insert_cwe_n4
Question_char_random_insert_n4_llama31,6.91,18.55,93.09,81.45,38,102,512,448,char,random_insert,4.0,Question_char_random_insert_n4
Question_char_ocr_n4_llama31,7.27,18.55,92.73,81.45,40,102,510,448,char,ocr,4.0,Question_char_ocr_n4
Question_word_random_insert_emb_n2_mistral,7.45,18.55,92.55,81.45,41,102,509,448,word,random_insert_emb,2.0,Question_word_random_insert_emb_n2
Question_word_random_insert_emb_n5_llama31,10.0,18.36,90.0,81.64,55,101,495,449,word,random_insert_emb,5.0,Question_word_random_insert_emb_n5
Question_char_random_substitute_n1_llama31,5.64,18.18,94.36,81.82,31,100,519,450,char,random_substitute,1.0,Question_char_random_substitute_n1
Question_char_random_insert_n1_llama31,5.82,18.18,94.18,81.82,32,100,518,450,char,random_insert,1.0,Question_char_random_insert_n1
Question_char_random_swap_n3_llama3,8.18,18.18,91.82,81.82,45,100,505,450,char,random_swap,3.0,Question_char_random_swap_n3
Question_char_random_swap_n2_mistral,8.0,18.18,92.0,81.82,44,100,506,450,char,random_swap,2.0,Question_char_random_swap_n2
Question_word_random_insert_emb_n1_mistral,7.09,18.18,92.91,81.82,39,100,511,450,word,random_insert_emb,1.0,Question_word_random_insert_emb_n1
Question_char_keyboard_n1_mistral,6.36,18.18,93.64,81.82,35,100,515,450,char,keyboard,1.0,Question_char_keyboard_n1
Question_word_random_insert_cwe_n3_mistral,7.64,18.0,92.36,82.0,42,99,508,451,word,random_insert_cwe,3.0,Question_word_random_insert_cwe_n3
Question_char_random_swap_n2_llama31,8.0,18.0,92.0,82.0,44,99,506,451,char,random_swap,2.0,Question_char_random_swap_n2
Question_word_random_insert_cwe_n3_llama3,7.64,18.0,92.36,82.0,42,99,508,451,word,random_insert_cwe,3.0,Question_word_random_insert_cwe_n3
Question_llama3,6.73,18.0,93.27,82.0,37,99,513,451,naive,naive,,Question_naive
Question_word_spelling_n4_mistral,6.55,18.0,93.45,82.0,36,99,514,451,word,spelling,4.0,Question_word_spelling_n4
Question_word_random_insert_cwe_n1_mistral,6.0,17.82,94.0,82.18,33,98,517,452,word,random_insert_cwe,1.0,Question_word_random_insert_cwe_n1
Question_word_random_substitute_emb_n1_llama3,7.82,17.64,92.18,82.36,43,97,507,453,word,random_substitute_emb,1.0,Question_word_random_substitute_emb_n1
Question_char_random_insert_n2_llama31,4.91,17.64,95.09,82.36,27,97,523,453,char,random_insert,2.0,Question_char_random_insert_n2
Question_mistral,6.73,17.64,93.27,82.36,37,97,513,453,naive,naive,,Question_naive
Question_word_spelling_n3_mistral,7.09,17.45,92.91,82.55,39,96,511,454,word,spelling,3.0,Question_word_spelling_n3
Question_char_ocr_n5_mistral,5.82,17.45,94.18,82.55,32,96,518,454,char,ocr,5.0,Question_char_ocr_n5
Question_word_random_insert_cwe_n1_llama3,6.0,17.45,94.0,82.55,33,96,517,454,word,random_insert_cwe,1.0,Question_word_random_insert_cwe_n1
Question_char_random_substitute_n3_llama3,8.18,17.45,91.82,82.55,45,96,505,454,char,random_substitute,3.0,Question_char_random_substitute_n3
Question_word_spelling_n2_mistral,5.45,17.45,94.55,82.55,30,96,520,454,word,spelling,2.0,Question_word_spelling_n2
Question_word_spelling_n4_llama31,6.55,17.27,93.45,82.73,36,95,514,455,word,spelling,4.0,Question_word_spelling_n4
Question_char_random_insert_n3_mistral,5.64,17.27,94.36,82.73,31,95,519,455,char,random_insert,3.0,Question_char_random_insert_n3
Question_word_random_insert_cwe_n2_llama31,5.82,17.27,94.18,82.73,32,95,518,455,word,random_insert_cwe,2.0,Question_word_random_insert_cwe_n2
Question_char_random_insert_n3_llama31,5.64,17.27,94.36,82.73,31,95,519,455,char,random_insert,3.0,Question_char_random_insert_n3
Question_word_spelling_n4_llama3,6.55,17.27,93.45,82.73,36,95,514,455,word,spelling,4.0,Question_word_spelling_n4
Question_char_ocr_n2_mistral,5.45,17.09,94.55,82.91,30,94,520,456,char,ocr,2.0,Question_char_ocr_n2
Question_char_ocr_n5_llama31,5.82,17.09,94.18,82.91,32,94,518,456,char,ocr,5.0,Question_char_ocr_n5
Question_word_spelling_n5_llama3,7.82,17.09,92.18,82.91,43,94,507,456,word,spelling,5.0,Question_word_spelling_n5
Question_char_random_delete_n2_llama3,7.27,17.09,92.73,82.91,40,94,510,456,char,random_delete,2.0,Question_char_random_delete_n2
Question_char_ocr_n1_mistral,5.82,17.09,94.18,82.91,32,94,518,456,char,ocr,1.0,Question_char_ocr_n1
Question_word_random_insert_cwe_n2_mistral,5.82,16.91,94.18,83.09,32,93,518,457,word,random_insert_cwe,2.0,Question_word_random_insert_cwe_n2
Question_word_random_insert_cwe_n1_llama31,6.0,16.73,94.0,83.27,33,92,517,458,word,random_insert_cwe,1.0,Question_word_random_insert_cwe_n1
Question_char_random_swap_n1_mistral,6.18,16.55,93.82,83.45,34,91,516,459,char,random_swap,1.0,Question_char_random_swap_n1
Question_word_spelling_n1_llama3,6.0,16.55,94.0,83.45,33,91,517,459,word,spelling,1.0,Question_word_spelling_n1
Question_char_random_insert_n1_mistral,5.82,16.36,94.18,83.64,32,90,518,460,char,random_insert,1.0,Question_char_random_insert_n1
Question_char_ocr_n3_llama3,5.64,16.36,94.36,83.64,31,90,519,460,char,ocr,3.0,Question_char_ocr_n3
Question_char_random_substitute_n1_mistral,5.64,16.36,94.36,83.64,31,90,519,460,char,random_substitute,1.0,Question_char_random_substitute_n1
Question_word_spelling_n1_mistral,6.0,16.18,94.0,83.82,33,89,517,461,word,spelling,1.0,Question_word_spelling_n1
Question_char_ocr_n2_llama3,5.45,16.0,94.55,84.0,30,88,520,462,char,ocr,2.0,Question_char_ocr_n2
Question_word_synonym_wordnet_n1_llama3,8.18,16.0,91.82,84.0,45,88,505,462,word,synonym_wordnet,1.0,Question_word_synonym_wordnet_n1
Question_word_random_insert_emb_n4_llama3,9.82,16.0,90.18,84.0,54,88,496,462,word,random_insert_emb,4.0,Question_word_random_insert_emb_n4
Question_char_random_substitute_n2_llama3,6.91,15.82,93.09,84.18,38,87,512,463,char,random_substitute,2.0,Question_char_random_substitute_n2
Question_word_spelling_n3_llama3,7.09,15.82,92.91,84.18,39,87,511,463,word,spelling,3.0,Question_word_spelling_n3
Question_char_random_delete_n1_llama3,6.73,15.45,93.27,84.55,37,85,513,465,char,random_delete,1.0,Question_char_random_delete_n1
Question_char_random_insert_n4_llama3,6.91,15.45,93.09,84.55,38,85,512,465,char,random_insert,4.0,Question_char_random_insert_n4
Question_char_keyboard_n2_llama3,6.18,15.27,93.82,84.73,34,84,516,466,char,keyboard,2.0,Question_char_keyboard_n2
Question_char_random_delete_n1_mistral,6.73,15.27,93.27,84.73,37,84,513,466,char,random_delete,1.0,Question_char_random_delete_n1
Question_word_random_insert_emb_n3_llama3,7.64,15.27,92.36,84.73,42,84,508,466,word,random_insert_emb,3.0,Question_word_random_insert_emb_n3
Question_char_ocr_n4_llama3,7.27,14.91,92.73,85.09,40,82,510,468,char,ocr,4.0,Question_char_ocr_n4
Question_char_random_insert_n2_mistral,4.91,14.91,95.09,85.09,27,82,523,468,char,random_insert,2.0,Question_char_random_insert_n2
Question_char_random_insert_n5_llama3,4.73,14.91,95.27,85.09,26,82,524,468,char,random_insert,5.0,Question_char_random_insert_n5
Question_char_keyboard_n1_llama3,6.36,14.91,93.64,85.09,35,82,515,468,char,keyboard,1.0,Question_char_keyboard_n1
Question_char_random_insert_n1_llama3,5.82,14.73,94.18,85.27,32,81,518,469,char,random_insert,1.0,Question_char_random_insert_n1
Question_char_keyboard_n3_llama3,7.45,14.73,92.55,85.27,41,81,509,469,char,keyboard,3.0,Question_char_keyboard_n3
Question_char_random_substitute_n1_llama3,5.64,14.55,94.36,85.45,31,80,519,470,char,random_substitute,1.0,Question_char_random_substitute_n1
Question_char_random_swap_n2_llama3,8.0,14.36,92.0,85.64,44,79,506,471,char,random_swap,2.0,Question_char_random_swap_n2
Question_char_random_swap_n1_llama3,6.18,14.36,93.82,85.64,34,79,516,471,char,random_swap,1.0,Question_char_random_swap_n1
Question_char_ocr_n1_llama3,5.82,14.18,94.18,85.82,32,78,518,472,char,ocr,1.0,Question_char_ocr_n1
Question_word_random_insert_emb_n2_llama3,7.45,14.0,92.55,86.0,41,77,509,473,word,random_insert_emb,2.0,Question_word_random_insert_emb_n2
Question_char_random_insert_n2_llama3,4.91,13.82,95.09,86.18,27,76,523,474,char,random_insert,2.0,Question_char_random_insert_n2
Question_char_random_insert_n3_llama3,5.64,13.82,94.36,86.18,31,76,519,474,char,random_insert,3.0,Question_char_random_insert_n3
Question_char_ocr_n5_llama3,5.82,13.82,94.18,86.18,32,76,518,474,char,ocr,5.0,Question_char_ocr_n5
Question_word_random_insert_emb_n1_llama3,7.09,13.45,92.91,86.55,39,74,511,476,word,random_insert_emb,1.0,Question_word_random_insert_emb_n1
Question_word_spelling_n2_llama3,5.45,13.45,94.55,86.55,30,74,520,476,word,spelling,2.0,Question_word_spelling_n2
Question_word_random_insert_emb_n5_llama3,10.0,12.73,90.0,87.27,55,70,495,480,word,random_insert_emb,5.0,Question_word_random_insert_emb_n5
Question_word_random_insert_cwe_n2_llama3,5.82,12.55,94.18,87.45,32,69,518,481,word,random_insert_cwe,2.0,Question_word_random_insert_cwe_n2
